"RANK","COMPANY","CITY","STATE","2019 RANK","WEBSITE","PRIMARY OPERATION","REVENUE","2018 REVENUE","LEASED TRUCKS","OWNED TRUCKS","TOTAL TRUCKS","LEASED TRACTORS","OWNED TRACTORS","TOTAL TRACTORS","LEASED TRAILERS","OWNED TRAILERS","TOTAL TRAILERS","COMPANY DRIVERS","INDEPENDENT CONTRACTORS","TOTAL DRIVERS"
"1","UPS/United Parcel Service, Inc.","Atlanta","GA","1","www.ups.com","Packages","49172000000","46299000000","45","99453","99498","1255","32994","34249","2418","118450","120859","","","127245"
"2","FedEx Corp.","Memphis","TN","2","www.fedex.com","Packages","45537000000","41718000000","61031","31422","92453","13737","21361","35098","67","129646","129713","","","185413"
"3","J.B. Hunt Transport, Inc.","Lowell","AR","3","www.jbhunt.com","General Freight","9165000000","8615000000","186","583","769","1704","15786","17490","6531","110796","117327","","","20835"
"4","Knight-Swift Holdings","Phoenix","AZ","4","www.knight-swift.com","General Freight","4843950000","5344066000","0","0","0","1285","17177","18462","15232","52340","67572","17141","2452","19593"
"5","YRC Worldwide Inc.","Overland Park","KS","5","www.yrcw.com","General Freight","4871200000","5092000000","140","404","544","3860","9816","13676","12010","31612","43622","","","17653"
"6","XPO Logistics, Inc.","Greenwich","CT","6","www.xpo.com","General Freight","7740000000","8329000000","9","194","203","2472","8321","10793","1239","25491","26730","","","15807"
"7","Schneider","Green Bay","WI","7","www.schneider.com","General Freight","4747000000","4977000000","0","59","59","3131","8795","11926","1","34036","34037","","","13704"
"8","TFI International","Saint-Laurent","QC","10","www.tfiintl.com","General Freight","5178864000","3920635000","0","0","0","1176","5624","6800","413","24131","24544","9809","8574","18383"
"9","Landstar System, Inc.","Jacksonville","FL","8","www.landstar.com","General Freight","4084577000","4615144000","236","0","236","10007","0","10007","4334","12733","17067","0","10243","10243"
"10","Old Dominion Freight Line, Inc.","Thomasville","NC","9","www.odfl.com","General Freight","4109111000","4043695000","0","139","139","0","9406","9406","0","36893","36893","9513","0","9513"
"11","Werner Enterprises, Inc.","Omaha","NE","11","www.werner.com","General Freight","2463701000","2457914000","0","0","0","540","7460","8000","0","24145","24145","9676","540","10216"
"12","Estes Express Lines","Richmond","VA","12","www.estes-express.com","General Freight","3259109000","3159754000","0","450","450","0","7485","7485","0","30485","30485","9103","0","9103"
"13","Ryder Supply Chain Solutions","Miami","FL","14","www.ryderscs.com","Dedicated Contract Carriage","3968754000","3731457000","773","0","773","5048","0","5048","8898","0","8898","","","9765"
"14","Prime, Inc.","Springfield","MO","13","www.primeinc.com","Refrigerated","2245648000","2142853000","0","0","0","0","7170","7170","0","14194","14194","3152","5468","8620"
"15","U.S. Xpress Enterprises, Inc.","Chattanooga","TN","15","www.usxpress.com","General Freight","1707361000","1804915000","39","45","84","195","7157","7352","28","17900","17928","","","8636"
"16","Kenan Advantage Group","North Canton","OH","17","www.thekag.com","Tank/Bulk Commodities","1758645000","1729704000","0","0","0","1931","4938","6869","323","11185","11508","5630","1607","7237"
"17","ArcBest Corporation","Fort Smith","AR","16","arcb.com","General Freight","2988310000","3093788000","756","80","836","335","4163","4507","0","22083","22083","","","8346"
"18","R+L Carriers","Wilmington","OH","21","www.rlcarriers.com","General Freight","","","1","619","620","29","5452","5481","0","16517","16517","","","6906"
"19","Penske Logistics","Reading","PA","20","www.penskelogistics.com","Dedicated Contract Carriage","2600000000","2300000000","520","0","520","4952","0","4952","18049","0","18049","6888","0","6888"
"20","CRST International, Inc.","Cedar Rapids","IA","18","www.crst.com","General Freight","1561000000","1685000000","0","0","0","0","5785","5785","0","13803","13803","5695","2123","7818"
"21","Saia Inc.","Johns Creek","GA","24","www.saia.com","General Freight","","1650000000","0","62","62","0","5949","5949","0","16674","16674","","","5523"
"22","Daseke","Addison","TX","19","www.daseke.com","Flatbed/Specialized/Heavy Haul","1737000000","1613100000","15","78","93","2469","3329","5798","2391","9632","12023","","","5881"
"23","Evans Network of Companies","Schuylkill Haven","PA","25","www.evansdelivery.com","Intermodal","1240000000","1152069000","0","0","0","6200","0","6200","300","550","850","0","6200","6200"
"24","NFI","Camden","NJ","28","www.nfiindustries.com","Dedicated Contract Carriage","2140000000","2040000000","0","6","6","1630","2770","4400","300","11700","12000","3300","1600","4900"
"25","UniGroup","Fenton","MO","26","www.unigroup.com","Household Goods","1500000000","1500000000","2049","0","2049","3252","0","3252","5197","0","5197","0","6200","6200"
"26","CR England, Inc.","Salt Lake City","UT","23","www.crengland.com","Refrigerated","1545199000","1636376000","0","0","0","25","3978","4003","0","6553","6553","5862","33","5895"
"27","Hub Group","Oak Brook","IL","22","www.hubgroup.com","Intermodal","3668117000","4423127000","0","5","5","1301","2537","3838","1000","42368","43368","2900","1000","3900"
"28","Averitt Express","Cookeville","TN","27","www.averittexpress.com","General Freight","1319000000","1298462984","0","43","43","0","5213","5213","0","14918","14918","5371","0","5371"
"29","Crete Carrier Corporation","Lincoln","NE","29","www.cretecarrier.com","General Freight","1198868270","1149311035","0","0","0","315","5241","5556","0","13773","13773","5241","315","5556"
"30","Universal Logistics Holdings, Inc.","Warren","MI","36","www.goutsi.com","General Freight","1511980000","1461708000","256","12","268","2807","1152","3959","1509","3772","5281","","","4657"
"31","Southeastern Freight Lines","Lexington","SC","30","www.sefl.com","General Freight","1384438320","1378928872","0","410","410","208","3177","3385","1521","9145","10666","4483","208","4691"
"32","Ruan","Des Moines","IA","32","www.ruan.com","Dedicated Contract Carriage","1258396283","1136118348","56","64","120","343","3361","3704","1169","8492","9661","4169","0","4169"
"33","Forward Air Corp./FAF, Inc.","Greeneville","TN","34","www.forwardair.com","General Freight","1410400000","1320887000","188","363","551","2264","760","3024","0","6191","6191","","","4157"
"34","Quality Distribution, Inc.","Tampa","FL","33","www.qualitydistribution.com","Tank/Bulk Commodities","","","0","2","2","2338","891","3229","3284","4037","7321","","","4760"
"35","Central Transport International, Inc.","Warren","MI","39","www.centraltransportint.com","General Freight","","","149","0","149","3580","0","3580","8675","0","8675","","","4177"
"36","P&S Logistics","Birmingham","AL","45","www.pstrans.com","Flatbed/Specialized/Heavy Haul","907000000","747399000","0","0","0","1500","2000","3500","2000","4000","6000","1700","1700","3400"
"37","Cardinal Logistics Management Corp.","Concord","NC","40","www.cardlog.com","Dedicated Contract Carriage","866950000","718000000","0","137","137","3220","81","3301","5800","2524","8324","3300","300","3600"
"38","Covenant Transportation Group, Inc.","Chattanooga","TN","35","www.covenanttransport.com","General Freight","894528000","885455000","3","0","3","597","2582","3179","647","6239","6886","","","3988"
"39","Heartland Express, Inc.","North Liberty","IA","49","www.heartlandexpress.com","General Freight","596815000","610803000","0","0","0","25","3975","4000","0","11000","11000","3975","25","4000"
"40","Stevens Transport, Inc.","Dallas","TX","38","www.stevenstransport.com","Refrigerated","737294000","813488000","0","0","0","1000","1450","2450","0","3750","3750","2700","1650","4350"
"41","DHL Express Americas","Plantation","FL","44","www.dhl-usa.com","Packages","4031344271","3780126370","182","215","397","871","372","1243","2807","713","3520","","","4162"
"42","KLLM Transport Services, LLC","Richland","MS","37","www.kllm.com","Refrigerated","","917000000","0","4","4","207","2729","2936","0","5099","5099","","","3132"
"43","SIRVA, Inc.","Westmont","IL","42","www.sirva.com","Household Goods","","","689","0","689","1761","0","1761","3364","146","3510","","","3462"
"44","Marten Transport, Ltd.","Mondovi","WI","50","www.marten.com","Refrigerated","843271000","787594000","0","0","0","0","3212","3212","0","5890","5890","3045","126","3171"
"45","Anderson Trucking Service, Inc.","Saint Cloud","MN","47","www.atsinc.com","Flatbed/Specialized/Heavy Haul","1274459000","1244459000","0","0","0","1759","1021","2780","0","7209","7209","1021","1759","2780"
"46","Pitt Ohio Express LLC","Pittsburgh","PA","43","www.pittohio.com","General Freight","855982000","826947000","0","764","764","109","1950","2059","110","5833","5943","3331","9","3340"
"47","Roadrunner Transportation Systems, Inc.","Downers Grove","IL","31","www.rrts.com","General Freight","1847900000","2216141000","44","0","44","1476","724","2200","2969","820","3789","","","2320"
"48","Western Express, Inc.","Nashville","TN","46","www.westernexp.com","General Freight","683535000","695122300","0","0","0","2850","150","3000","5965","2120","8085","2800","400","3200"
"49","AAA Cooper Transportation","Dothan","AL","48","www.aaacooper.com","General Freight","717652000","724248000","0","88","88","0","2433","2433","30","6706","6736","2869","0","2869"
"50","FirstFleet, Inc.","Murfreesboro","TN","51","www.firstfleetinc.com","Dedicated Contract Carriage","","","0","0","0","0","2972","2972","0","10261","10261","","","3261"
"51","Mercer Transportation Co., Inc.","Louisville","KY","53","www.mercer-trans.com","Flatbed/Specialized/Heavy Haul","543718245","602503930","0","0","0","2383","0","2383","1900","550","2450","0","2783","2783"
"52","TMC Transportation/Annett Holdings, Inc.","Des Moines","IA","54","www.tmctrans.com","Flatbed/Specialized/Heavy Haul","","","0","0","0","165","2695","2860","18","3933","3951","","","2882"
"53","Black Horse Carriers, Inc.","Carol Stream","IL","60","www.blackhorsecarriers.com","Dedicated Contract Carriage","561000000","494000000","0","284","284","3","1955","1958","0","4500","4500","3105","3","3108"
"54","United Road Services, Inc.","Plymouth","MI","55","www.unitedroad.com","Motor Vehicles","713000000","659000000","0","0","0","1168","1200","2368","1168","1200","2368","905","1168","2073"
"55","Bison Transport, Inc.","Winnipeg","MB","56","www.bisontransport.com","General Freight","633816788","556683600","0","0","0","892","1206","2098","0","6357","6357","1654","961","2615"
"56","Cowan Systems LLC","Baltimore","MD","57","www.cowansystems.com","General Freight","533012000","537163000","0","0","0","605","1782","2387","374","6682","7056","1855","577","2432"
"57","Bennett International Group","McDonough","GA","61","www.bennettig.com","Flatbed/Specialized/Heavy Haul","543307210","498317733","0","0","0","2198","135","2333","1002","1406","2408","114","2283","2397"
"58","Dayton Freight Lines, Inc.","Dayton","OH","59","www.daytonfreight.com","General Freight","679000000","659000000","0","159","159","0","1955","1955","0","4600","4600","2322","0","2322"
"59","P.A.M. Transportation Services, Inc.","Tontitown","AR","58","www.pamtransport.com","General Freight","514177000","533261000","0","0","0","553","1577","2130","56","7025","7081","1945","600","2545"
"60","USA Truck, Inc.","Van Buren","AR","63","www.usa-truck.com","General Freight","522630000","534060000","0","0","0","600","1471","2071","0","6314","6314","1556","564","2120"
"61","Roehl Transport, Inc.","Marshfield","WI","64","www.roehl.net","General Freight","421855022","421329721","0","7","7","42","2055","2097","0","5532","5532","2120","222","2342"
"62","Atlas Van Lines, Inc.","Evansville","IN","52","www.atlasworldgroup.com","Household Goods","713210069","716601828","796","0","796","1961","0","1961","3521","463","3984","0","1200","1200"
"63","Trimac Transportation","Calgary","AB","66","www.trimac.com","Tank/Bulk Commodities","","","0","3","3","890","916","1806","21","2531","2552","","","1873"
"64","Hirschbach Motor Lines, Inc.","Dubuque","IA","65","www.hirschbach.com","Refrigerated","550530000","","0","0","0","1312","575","1887","2","3501","3503","575","1312","1887"
"65","Eagle Express Lines, Inc.","South Holland","IL","73","www.eagleexpresslines.com","Dedicated Contract Carriage","","397410750","0","45","45","0","2107","2107","0","1770","1770","","","2094"
"66","Hogan Transports, Inc.","St. Louis","MO","67","www.hogan1.com","General Freight","","","0","0","0","0","1950","1950","0","2700","2700","2150","0","2150"
"67","Heniff Transportation Systems","Oak Brook","IL","104","www.heniff.com","Tank/Bulk Commodities","550000000","293000000","0","0","0","900","900","1800","1800","1950","3750","","","1770"
"68","RoadOne IntermodaLogistics","Randolph","MA","68","www.roadone.com","Intermodal","340000000","300000000","0","0","0","2233","0","2233","300","0","300","1700","400","2100"
"69","CEVA Logistics Americas","Houston","TX","76","www.cevalogistics.com","General Freight","","","593","65","658","1140","93","1233","2429","938","3367","","","2797"
"70","US 1 Industries","Valpariso","IN","70","www.us1industries.com","Intermodal","","","0","0","0","1893","40","1933","406","0","406","","","1883"
"71","Wheaton Van Lines, Inc.","Indianapolis","IN","71","www.wheatonworldwide.com","Household Goods","","","493","56","549","1185","100","1285","1402","576","1978","","","1964"
"72","Salmon Companies","North Little Rock","AR","72","www.patsalmon.com","General Freight","","","63","22","85","456","977","1433","618","1287","1905","","","2693"
"73","Dart Transit Co.","Eagan","MN","62","www.dart.net","General Freight","446132000","491912000","0","0","0","113","1589","1702","4000","6035","10035","496","1043","1539"
"74","MVT Services LLC/Mesilla Valley Transportation","Las Cruces","NM","77","www.m-v-t.com","General Freight","386805699","383950000","0","0","0","226","1394","1620","0","5552","5552","1506","232","1738"
"75","IMC Companies","Memphis","TN","74","www.imcc.com","Intermodal","347395000","368560132","0","0","0","1150","550","1700","0","150","150","550","1150","1700"
"76","JHT Holdings, Inc.","Pleasant Prairie","WI","93","www.jhtholdings.com","Motor Vehicles","533757000","471822000","0","3","3","200","1200","1400","0","140","140","1200","200","1400"
"77","Paladin Captal Inc.","Nashville","TN","106","www.paladin-capital.com","Dedicated Contract Carriage","299826000","263825000","0","14","14","1528","220","1748","1525","1008","2533","1809","70","1879"
"78","Jack Cooper Transport Co. Inc.","Kansas City","MO","69","www.jackcooper.com","Motor Vehicles","","","0","0","0","0","1414","1414","0","1414","1414","","","1294"
"79","Maverick USA, Inc.","Little Rock","AR","75","www.maverickusa.com","Flatbed/Specialized/Heavy Haul","346655838","350115872","0","0","0","83","1521","1604","33","2345","2378","1455","83","1538"
"80","A Duie Pyle, Inc.","West Chester","PA","82","www.aduiepyle.com","General Freight","491100000","428800000","0","121","121","0","1181","1181","0","2285","2285","1616","21","1637"
"81","Kaplan Trucking Co./Horizon Freight System, Inc.","Cleveland","OH","78","www.horizonfreightsystem.com","Intermodal","","","0","0","0","1149","498","1647","564","100","664","","","1647"
"82","Challenger Motor Freight Inc.","Cambridge","ON","79","www.challenger.com","General Freight","335000000","314000000","0","1","1","0","1570","1570","0","3550","3550","1300","220","1520"
"83","Central Freight Lines, Inc.","Waco","TX","84","www.centralfreight.com","General Freight","","","0","119","119","175","1357","1532","0","3725","3725","","","1175"
"84","Melton Truck Lines, Inc.","Tulsa","OK","85","www.meltontruck.com","Flatbed/Specialized/Heavy Haul","305717014","302227414","0","0","0","0","1457","1457","0","2407","2407","1323","0","1323"
"85","Lynden Companies","Anchorage","AK","83","www.lynden.com","Intermodal","1075000000","1050000000","0","101","101","100","777","877","0","2428","2428","867","100","967"
"86","Mr. Bult's, Inc.","Burnham","IL","92","www.mrbults.com","Tank/Bulk Commodities","323000000","298000000","0","0","0","38","1376","1414","0","3106","3106","1222","16","1238"
"87","Foodliner/Quest Liner Inc.","Dubuque","IA","88","www.foodliner.com","Tank/Bulk Commodities","334103000","317062000","0","0","0","247","1070","1317","0","2337","2337","980","247","1227"
"88","Transport Investments, Inc.","Pittsburgh","PA","80","www.thetii.com","Flatbed/Specialized/Heavy Haul","","","1","0","1","1172","0","1172","1268","0","1268","","","1170"
"89","ContainerPort Group, Inc.","Cleveland","OH","90","www.containerport.com","Intermodal","310000000","","0","0","0","1229","0","1229","380","0","380","0","1229","1229"
"90","TransAm Trucking, Inc.","Olathe","KS","95","www.transamtruck.com","Refrigerated","","","0","0","0","589","1014","1603","0","2161","2161","","","1051"
"91","The Dana Companies","Avenel","NJ","94","www.danacompanies.com","Tank/Bulk Commodities","","","0","3","3","803","505","1308","9","25","34","","","1268"
"92","Acme Truck Line, Inc.","Gretna","LA","81","www.acmetruck.com","Flatbed/Specialized/Heavy Haul","244956000","290475000","150","0","150","1200","0","1200","1300","150","1450","1350","0","1350"
"93","Paschall Truck Lines, Inc.","Murray","KY","96","www.ptl-inc.com","General Freight","250000000","268000000","0","0","0","85","1080","1165","0","3100","3100","1250","85","1335"
"94","Martin Transportation Systems, Inc.","Byron Center","MI","105","www.mtstrans.com","Dedicated Contract Carriage","","","0","0","0","15","1137","1152","0","2150","2150","","","1247"
"95","United Vision Logistics Holding Corp.","Lafayette","LA","91","www.visionlogisticsholding.com","Flatbed/Specialized/Heavy Haul","287000000","330000000","254","0","254","977","0","977","1217","0","1217","0","1196","1196"
"96","Stan Koch & Sons Trucking, Inc.","Minneapolis","MN","100","www.kochtrucking.us","General Freight","348850946","333639599","0","246","246","47","1117","1164","0","5540","5540","797","47","844"
"97","Groendyke Transport, Inc.","Enid","OK","101","www.groendyke.com","Tank/Bulk Commodities","265327353","244433079","0","1","1","156","1035","1191","269","1655","1924","1079","0","1079"
"98","Wilson Logistics","Springfield","MO","109","www.wilsonlogistics.com","General Freight","220100218","170252000","0","0","0","440","713","1153","0","2464","2464","762","454","1216"
"99","Hansen & Adkins Auto Transport","Los Alamitos","CA","103","www.hansenadkins.com","Motor Vehicles","","","0","0","0","286","831","1117","286","868","1154","","","1022"
"100","Trans-System, Inc.","Spokane","WA","102","www.trans-system.com","General Freight","290000000","300327000","0","0","0","236","790","1026","70","1780","1850","778","236","1014"
"101","May Trucking Co.","Salem","OR","107","www.maytrucking.com","Refrigerated","219304335","220007719","0","0","0","27","1033","1060","0","2702","2702","1050","24","1074"
"102","A&R Logistics, Inc.","Morris","IL","114","www.ARDoingitRight.com","Tank/Bulk Commodities","","","0","13","13","189","794","983","122","1295","1417","","","908"
"103","PGT Trucking, Inc.","Aliquippa","PA","112","www.pgttrucking.com","Flatbed/Specialized/Heavy Haul","265500000","275900000","0","0","0","1029","0","1029","1531","0","1531","430","455","885"
"104","Carter Express, Inc.","Anderson","IN","111","www.carter-express.com","General Freight","234089943","231289000","0","1","1","41","852","893","564","1166","1730","920","82","1002"
"105","C.A.T. Inc.","Coteau Du Lac","QC","136","www.cat.ca","General Freight","","190000000","0","0","0","622","348","970","1950","793","2743","","","1049"
"106","Premier Transportation","Forest Park","GA","87","www.premiertransportation.com","General Freight","","","0","8","8","240","733","973","0","4337","4337","","","981"
"107","Midwest Logistics Systems LTD","Celina","OH","108","","General Freight","","","0","0","0","939","0","939","3564","0","3564","","","1111"
"108","John Christner Trucking LLC","Sapulpa","OK","113","www.johnchristner.com","Refrigerated","338872976","294783313","0","0","0","797","0","797","1165","0","1165","","","798"
"109","Smith Transport Inc.","Roaring Spring","PA","123","www.smithtransport.com","General Freight","168000000","162000000","0","0","0","0","1005","1005","0","2700","2700","987","0","987"
"110","K.L. Breeden & Sons LLC","Terrell","TX","120","www.klbsons.com","General Freight","","","0","0","0","931","16","947","555","223","778","","","951"
"111","Cassens Transport Co.","Edwardsville","IL","97","www.cassens.com","Motor Vehicles","250788073","292634581","0","0","0","0","950","950","0","950","950","814","0","814"
"112","Paper Transport Inc","De Pere","WI","121","www.papertransport.com","General Freight","222764000","191358000","2","1","3","25","860","885","0","2900","2900","875","25","900"
"113","TransWood Carriers, Inc.","Omaha","NE","130","www.transwood.com","Tank/Bulk Commodities","","","0","0","0","311","652","963","5","1442","1447","","","949"
"114","Dupre' Logistics, LLC","Lafayette","LA","122","www.duprelogistics.com","Tank/Bulk Commodities","297582565","270110571","0","0","0","0","686","686","0","1471","1471","804","93","897"
"115","Venture Logistics, Inc.","Indianapolis","IN","146","www.venlog.com","General Freight","","","0","0","0","125","763","888","608","1353","1961","","","960"
"116","Oak Harbor Freight Lines, Inc.","Auburn","WA","128","www.oakh.com","General Freight","225000000","","0","40","40","0","750","750","0","2300","2300","940","0","940"
"117","J&R Schugel Trucking, Inc.","New Ulm","MN","119","www.jrschugel.com","Refrigerated","","","0","0","0","80","812","892","0","2507","2507","","","871"
"118","Oakley Trucking","North Little Rock","AR","134","www.bruceoakley.com","Tank/Bulk Commodities","208612000","","0","0","0","860","0","860","0","900","900","0","860","860"
"119","Day & Ross Transportation Group","Hartland","NB","143","www.dayrossgroup.com","General Freight","","","27","0","27","761","199","960","987","2385","3372","","","729"
"120","Artur Express, Inc.","Hazelwood","MO","154","www.arturexpress.com","General Freight","172000000","126000000","0","0","0","454","323","777","0","2602","2602","372","581","953"
"121","C&K Trucking LLC","Chicago Ridge","IL","118","www.cktrucking.com","Intermodal","","","0","0","0","891","1","892","821","72","893","","","892"
"122","National Retail Systems, Inc.","North Bergen","NJ","127","www.nrsonline.com","Dedicated Contract Carriage","","","7","13","20","328","498","826","1537","2749","4286","","","896"
"123","New Legend Inc","Phoenix","AZ","116","www.newlegendinc.com","General Freight","160000000","178000000","0","150","150","0","775","775","100","4000","4100","875","0","875"
"124","Dependable Supply Chain Services","Los Angeles","CA","125","www.godependable.com","General Freight","289000000","291000000","10","75","85","18","530","548","0","2200","2200","765","35","800"
"125","Venture Express, Inc.","La Vergne","TN","133","www.ventureexpress.com","General Freight","","","0","6","6","320","354","674","40","3259","3299","","","1074"
"126","Navajo Express, Inc.","Denver","CO","115","www.navajoexpress.com","Refrigerated","205000000","238000000","0","0","0","50","750","800","0","2000","2000","650","50","700"
"127","Brown Integrated Logistics, Inc.","Lithonia","GA","126","www.brownintegratedlogistics.com","General Freight","178325000","192000000","0","0","0","342","446","788","1514","2315","3829","483","267","750"
"128","TransX Ltd","Winnipeg","MB","86","www.transx.com","General Freight","","338000000","0","0","0","663","65","728","0","2486","2486","","","899"
"129","The Decker Companies","Fort Dodge","IA","140","www.deckertruckline.com","General Freight","","","0","0","0","27","762","789","0","1471","1471","","","782"
"130","K&B Transportation, Inc.","South Sioux City","NE","132","www.kbtransportation.com","Refrigerated","178000000","172000000","0","0","0","0","760","760","0","1475","1475","750","0","750"
"131","Beelman Truck Co.","East Saint Louis","IL","124","www.beelmantruck.com","Tank/Bulk Commodities","","","0","0","0","94","675","769","10","1115","1125","","","836"
"132","Ozark Motor Lines, Inc.","Memphis","TN","137","www.ozark.com","General Freight","","","0","0","0","59","714","773","0","2347","2347","","","745"
"133","National Carriers","Irving","TX","138","www.nationalcarriers.com","Refrigerated","209000000","210000000","0","0","0","210","449","659","1092","250","1342","455","210","665"
"134","Williams Brothers Trucking, Inc.","Hazlehurst","GA","141","www.wbtus.com","Flatbed/Specialized/Heavy Haul","","","0","0","0","60","735","795","122","1383","1505","","","653"
"135","JBS Carriers, Inc.","Greeley","CO","139","www.jbscarriers.com","Refrigerated","164850821","151020058","0","0","0","727","28","755","910","641","1551","707","0","707"
"136","B&W Cartage Company","Taylor","MI","117","www.ilg.com","General Freight","","","0","0","0","627","45","672","0","1567","1567","","","830"
"137","American Eagle Logistics LLC","Lafayette","LA","144","www.aeagle.net","Flatbed/Specialized/Heavy Haul","","","137","0","137","586","0","586","825","0","825","","","732"
"138","American Bulk Commodities","Boardman","OH","145","www.rjtrucking.com","Tank/Bulk Commodities","134173476","147651778","0","50","50","29","640","669","29","1200","1229","550","125","675"
"139","Star Fleet Trucking, Inc.","Middlebury","IN","142","www.starfleettrucking.com","Motor Vehicles","","","0","0","0","566","0","566","26","10","36","","","733"
"140","R.E. Garrison Trucking, Inc.","Cullman","AL","164","www.regarrison.com","Refrigerated","","","0","0","0","534","80","614","0","927","927","","","720"
"141","Spee Dee Delivery Service, Inc.","Saint Cloud","MN","147","www.speedeedelivery.com","Packages","151200000","154000000","0","627","627","0","110","110","0","253","253","1170","0","1170"
"142","Action Enterprise Holdings, LLC","Birmingham","AL","131","www.actn.com","Tank/Bulk Commodities","283589782","291717930","0","0","0","284","234","518","138","964","1102","400","138","538"
"143","McElroy Truck Lines, Inc.","Cuba","AL","151","www.mcelroytrucklines.com","Flatbed/Specialized/Heavy Haul","","","0","0","0","7","629","636","0","1267","1267","","","670"
"144","Benore Logistic Systems, Inc.","Erie","MI","135","www.benorelogistics.com","General Freight","","180000000","1","0","1","284","265","549","1556","544","2000","","","904"
"145","CalArk Inc.","Mabelvale","AR","156","www.calark.com","General Freight","121086000","117428000","15","131","146","173","469","642","9","1771","1780","438","174","612"
"146","Big G Express, Inc.","Shelbyville","TN","177","www.biggexpress.com","General Freight","","","0","0","0","628","18","646","804","1071","1875","","","615"
"147","Eagle Transport Corp.","Rocky Mount","NC","157","www.eagletransportcorp.com","Tank/Bulk Commodities","145000000","141000000","0","0","0","0","480","480","0","515","515","800","0","800"
"148","Ward Transport & Logistics Corp.","Altoona","PA","153","www.wardtlc.com","General Freight","185816359","189206129","26","90","116","88","277","365","0","1033","1033","755","18","773"
"149","Blackhawk Transport","Beloit","WI","160","www.blackhawktransport.com","Dedicated Contract Carriage","129079993","129488000","19","21","40","31","541","572","40","1074","1114","601","31","632"
"150","Fraley and Schilling, Inc.","Rushville","IN","161","www.fraleyandschilling.com","Flatbed/Specialized/Heavy Haul","134000000","128000000","0","0","0","99","550","649","3","861","864","465","85","550"
"151","Transportation Services, Inc.","Romulus","MI","152","www.tsitrucks.com","General Freight","119500000","120100000","0","0","0","250","360","610","930","950","1880","500","170","670"
"152","Aim Integrated Logistics","Girard","OH","159","www.aimntls.com","Dedicated Contract Carriage","105200000","102300000","33","78","111","35","575","610","170","1123","1293","725","1","726"
"153","Tankstar USA, Inc.","Milwaukee","WI","155","www.tankstar.com","Tank/Bulk Commodities","","","0","0","0","706","0","706","1471","0","1471","","","634"
"154","Leonard's Express","Farmington","NY","214","www.leonardsexpress.com","General Freight","215500000","226500000","0","0","0","362","128","490","704","0","704","389","122","511"
"155","Freymiller, Inc.","Oklahoma City","OK","179","www.freymiller.com","Refrigerated","","","0","0","0","71","508","579","0","953","953","","","617"
"156","Cliff Viessman, Inc.","Gary","SD","191","www.viessmantrucking.com","Tank/Bulk Commodities","114995000","95952289","0","0","0","29","530","559","0","800","800","700","29","729"
"157","McClymonds Supply & Transit Co. Inc","Portersville","PA","171","www.mcclymonds.com","Tank/Bulk Commodities","121742000","117108000","75","250","325","95","300","395","85","400","485","490","160","650"
"158","Danny Herman Trucking Inc.","Mountain City","TN","167","www.dannyherman.com","General Freight","107348520","109948308","237","235","472","237","235","472","0","1206","1206","571","18","589"
"159","Milan Express","Milan","TN","206","www.milanexpress.com","General Freight","","","0","1","1","336","239","575","250","1711","1961","","","626"
"160","Jordan Carriers","Natchez","MS","NR","","Flatbed/Specialized/Heavy Haul","","","0","0","0","50","555","605","0","580","580","","","550"
"161","Tri-National, Inc.","Earth City","MO","148","www.tri-nat.com","General Freight","","","0","0","0","0","525","525","0","1682","1682","","","793"
"162","Venezia, Inc.","Royersford","PA","172","www.veneziatransport.com","Tank/Bulk Commodities","123931805","115481000","0","0","0","153","464","617","0","1356","1356","468","47","515"
"163","Wayne Transports","Rosemount","MN","163","www.waynetransports.com","Tank/Bulk Commodities","","","0","0","0","152","440","592","0","820","820","","","598"
"164","M&M Transport Services, Inc.","Putnam","CT","149","www.mmtransport.com","Dedicated Contract Carriage","103000000","89000000","0","35","35","25","600","625","0","3300","3300","650","0","650"
"165","Pride Transport, Inc.","Salt Lake City","UT","168","www.pridetransport.com","Refrigerated","142000000","139000000","0","0","0","500","30","530","0","850","850","550","0","550"
"166","Cypress Truck Lines, Inc.","Jacksonville","FL","175","www.cypresstruck.com","Flatbed/Specialized/Heavy Haul","112449188","112010497","0","0","0","0","650","650","0","1800","1800","543","0","543"
"167","West Side Transport, Inc.","Cedar Rapids","IA","166","www.westsidetransport.com","General Freight","119829000","118500000","0","0","0","10","570","580","209","2175","2384","556","10","566"
"168","Halvor Lines, Inc.","Superior","WI","186","www.halvorlines.com","General Freight","120700000","113550000","0","0","0","182","370","552","10","1558","1568","472","115","587"
"169","Beemac, Inc.","Ambridge","PA","NR","www.beemac.com","Flatbed/Specialized/Heavy Haul","172000000","","10","0","10","400","80","480","250","250","500","50","430","480"
"170","Gypsum Express, Ltd.","Baldwinsville","NY","173","www.gypsumexpress.com","Flatbed/Specialized/Heavy Haul","120000000","123000000","0","0","0","0","590","590","0","1500","1500","515","0","515"
"171","Lily Transportation Corp","Needham","MA","165","","Dedicated Contract Carriage","","","102","0","102","459","0","459","765","0","765","","","750"
"172","Bulkmatic, LLC","Griffith","IN","189","www.bulkmatic.com","Tank/Bulk Commodities","138000000","","0","0","0","0","550","550","0","1400","1400","480","0","480"
"173","A.D. Transport Express Inc.","Canton","MI","174","www.adtransport.com","General Freight","108640000","108105000","0","0","0","0","585","585","0","1535","1535","573","10","583"
"174","Martin Transport, Inc.","Kilgore","TX","169","www.martintransport.com","Tank/Bulk Commodities","120523000","125333281","0","12","12","65","533","598","2","1276","1278","410","61","471"
"175","Admiral Merchants Motor Freight, Inc.","Minneapolis","MN","162","www.ammf.com","Flatbed/Specialized/Heavy Haul","120195000","129758000","0","0","0","512","0","512","550","0","550","0","540","540"
"176","United Petroleum Transports, Inc.","Oklahoma City","OK","170","www.otl-upt.com","Tank/Bulk Commodities","","","0","0","0","333","226","559","24","706","730","","","622"
"177","Indian River Transport Co.","Winter Haven","FL","178","www.indianrivertransport.com","Tank/Bulk Commodities","","","0","0","0","210","356","566","0","1032","1032","","","502"
"178","WEL Companies, Inc.","De Pere","WI","184","www.welcompanies.com","Refrigerated","120284000","118799000","0","0","0","90","410","500","0","800","800","400","90","490"
"179","Midland Transport","Dieppe","NB","183","www.midlandtransport.com","General Freight","","","0","0","0","282","185","467","316","1268","1584","","","709"
"180","The Suddath Companies","Jacksonville","FL","176","www.suddath.com","Household Goods","581523916","561892287","91","157","248","135","34","169","12","362","374","151","233","384"
"181","Wiley Sanders Truck Lines, Inc.","Troy","AL","180","www.wsanders.com","General Freight","109746596","109525013","0","0","0","244","302","546","0","1966","1966","499","0","499"
"182","Cargo Transporters, Inc.","Claremont","NC","182","www.cargotransporters.com","General Freight","","","0","0","0","0","505","505","0","1751","1751","533","0","533"
"183","Oakley Transport, Inc.","Lake Wales","FL","185","www.oakleytransport.com","Tank/Bulk Commodities","","","0","0","0","0","532","532","215","412","627","","","504"
"184","Carroll Fulmer Logistics Corp.","Groveland","FL","194","www.cfulmer.com","General Freight","138635682","146291000","0","1","1","32","436","468","0","1600","1600","346","75","421"
"185","Miller Truck Lines, Inc.","Stroud","OK","221","www.millertrucklines.com","Flatbed/Specialized/Heavy Haul","150588000","","30","5","35","234","190","424","250","1100","1350","190","234","424"
"186","Combined Transport, Inc.","Central Point","OR","158","www.combinedtransport.com","Flatbed/Specialized/Heavy Haul","133104633","137017397","0","1","1","0","462","462","0","744","744","377","66","443"
"187","Dillon Transport, Inc.","Burr Ridge","IL","190","www.dillontransport.com","Tank/Bulk Commodities","","","0","0","0","0","490","490","0","667","667","","","554"
"188","Sharkey Transportation, Inc.","Quincy","IL","192","www.shke.com","General Freight","","","0","0","0","531","0","531","1660","0","1660","","","442"
"189","NAPA Transportation, Inc.","Mechanicsburg","PA","NR","www.napatran.com","General Freight","135448268","","0","0","0","102","350","452","200","1300","1500","302","102","404"
"190","W.W. Transport Inc.","West Burlington","IA","197","www.wwtransportinc.com","Tank/Bulk Commodities","","","0","0","0","0","500","500","89","775","864","","","472"
"191","Buddy Moore Trucking, Inc.","Birmingham","AL","212","buddymooretrucking.com","General Freight","87452000","81749285","65","350","415","65","350","415","150","875","1025","350","65","415"
"192","Midwest Transport, Inc.","Robinson","IL","188","www.mwtransport.com","General Freight","","","0","14","14","0","421","421","0","636","636","","","646"
"193","Schuster Company","Le Mars","IA","199","www.schusterco.com","Refrigerated","107112500","103403000","0","0","0","70","405","475","0","900","900","380","70","450"
"194","Western Dairy Transport LLC","Cabool","MO","198","www.wdtmilk.com","Tank/Bulk Commodities","","","0","0","0","10","419","429","1183","0","1183","","","630"
"195","Slay Transportation Co., Inc.","Saint Louis","MO","207","www.slay.com","Tank/Bulk Commodities","","","0","0","0","268","202","470","45","1031","1076","","","425"
"196","Hartt Transportation Systems, Inc.","Bangor","ME","200","www.hartt-trans.com","General Freight","143450992","154146463","0","0","0","17","373","390","0","2115","2115","395","17","412"
"197","Outwest Express LLC","El Paso","TX","203","www.outwestexpress.com","General Freight","82000000","75000000","1","0","1","48","475","523","25","1323","1348","450","49","499"
"198","Hilco Transport","Greensboro","NC","NR","","Tank/Bulk Commodities","","","0","93","93","97","307","404","60","711","771","","","503"
"199","Fremont Contract Carriers","Fremont","NE","220","www.fcc-inc.com","General Freight","102051897","98949373","0","1","1","139","325","464","0","1304","1304","318","141","459"
"200","Saddle Creek Transportation Inc","Lakeland","FL","150","www.sclogistics.com","General Freight","","178000000","0","0","0","209","200","409","925","875","1800","","","552"
"201","PI&I Motor Express, Inc.","Sharon","PA","205","www.piimx.com","Flatbed/Specialized/Heavy Haul","81500000","81000000","0","0","0","495","0","495","705","0","705","255","217","472"
"202","Bay & Bay Transfer Co., Inc.","Eagan","MN","209","www.bayandbay.com","Refrigerated","153590363","142869696","0","0","0","150","230","380","240","350","590","135","215","350"
"203","Warren Transport","Waterloo","IA","NR","","Flatbed/Specialized/Heavy Haul","","","0","0","0","450","6","456","0","1600","1600","","","460"
"204","Midwest Motor Express","Bismarck","ND","195","www.mmeinc.com","General Freight","106000000","120045000","0","15","15","0","425","425","0","740","740","425","0","425"
"205","Andy Transport","Saint-Laurent","QC","238","www.andytransport.com","General Freight","","","0","0","0","0","415","415","0","915","915","430","80","510"
"206","Salem Carriers, Inc.","Winston Salem","NC","181","www.salemcarriers.com","Dedicated Contract Carriage","82182252","90057025","33","0","33","466","0","466","1501","0","1501","453","0","453"
"207","Heyl Truck Lines, Inc.","Akron","IA","208","www.heyl.net","Refrigerated","91632742","86855000","0","0","0","19","430","449","0","949","949","440","19","459"
"208","Florida Rock & Tank Lines","Jacksonville","FL","196","www.floridarockandtanklines.com","Tank/Bulk Commodities","105470884","114218912","0","0","0","51","303","354","0","471","471","452","21","473"
"209","Nussbaum Transportation Services, Inc","Hudson","IL","216","www.nussbaum.com","General Freight","92752525","84721834","0","0","0","3","453","456","38","1006","1044","414","3","417"
"210","Titan Transfer, Inc.","Shelbyville","TN","217","www.titantransferinc.com","General Freight","84450000","85977387","0","10","10","15","435","450","0","1400","1400","425","15","440"
"211","Coastal Transport Co., Inc.","San Antonio","TX","211","www.coastaltransport.com","Tank/Bulk Commodities","94164499","95331742","0","0","0","0","400","400","48","466","514","450","0","450"
"212","D.M. Bowman, Inc.","Williamsport","MD","219","www.dmbowman.com","General Freight","104022158","101003041","0","0","0","0","379","379","0","1540","1540","450","0","450"
"213","TLD Logistics Services, Inc.","Knoxville","TN","210","www.tldlogistics.com","Dedicated Contract Carriage","","","0","0","0","410","25","435","567","272","839","","","464"
"214","Load One Transportation & Logistics","Taylor","MI","215","www.load1.com","General Freight","116000000","118000000","272","4","276","110","36","146","0","152","152","41","428","469"
"215","Transystems LLC","Great Falls","MT","213","","Tank/Bulk Commodities","","","0","0","0","0","306","306","0","653","653","","","856"
"216","Raven Transport Co., Inc.","Jacksonville","FL","202","www.raventrans.com","General Freight","","","0","0","0","446","1","447","0","1300","1300","","","364"
"217","Earl L Henderson Trucking Co., Inc.","Caseyville","IL","235","www.hendersontrucking.com","General Freight","","59350839","0","0","0","0","400","400","0","0","0","","","415"
"218","Watsontown Trucking Company","Milton","PA","226","www.watsontowntrucking.com","General Freight","92744000","87252000","0","2","2","0","400","400","75","1250","1325","380","0","380"
"219","Poly Trucking, Inc.","Grand Prairie","TX","224","www.poly-trucking.com","General Freight","","","0","7","7","0","454","454","0","962","962","","","318"
"220","Transervice Logistics, Inc.","Lake Success","NY","218","www.transervice.com","General Freight","","","26","0","26","323","20","343","2140","102","2242","","","553"
"221","Service Transport Company","Houston","TX","262","www.svtn.com","Tank/Bulk Commodities","63200000","","0","0","0","72","424","496","0","949","949","329","72","401"
"222","JNJ Express","Memphis","TN","NR","","General Freight","","","0","0","0","400","0","400","14","1750","1764","","","400"
"223","G&D Integrated","Morton","IL","223","www.gdintegrated.com","General Freight","77436671","85741000","0","1","1","0","429","429","327","1656","1983","380","6","386"
"224","J&M Tank Lines, Inc.","Birmingham","AL","225","www.jmtank.com","Tank/Bulk Commodities","74402204","81811044","0","0","0","385","15","400","450","250","700","400","10","410"
"225","N&M Transfer Co Inc","Neenah","WI","231","www.nmtransfer.com","General Freight","","","0","21","21","85","239","324","80","418","498","","","475"
"226","Royal Express","Laredo","TX","NR","","General Freight","","","0","0","0","111","288","399","900","361","1261","","","374"
"227","Ergon Trucking","Jackson","MS","NR","","Tank/Bulk Commodities","","","0","0","0","243","158","401","49","431","480","","","367"
"228","L&B Transport LLC","Baton Rouge","LA","228","www.landbtransport.com","Tank/Bulk Commodities","79312971","71084830","0","0","0","365","15","380","0","1529","1529","15","365","380"
"229","CDN Logistics, Inc.","Northlake","IL","232","www.gocdn.com","General Freight","","","0","13","13","262","127","389","378","345","723","","","346"
"230","Daily Express","Carlisle","PA","237","www.dailyexp.com","Flatbed/Specialized/Heavy Haul","110701514","98523710","0","0","0","247","69","316","0","511","511","69","247","316"
"231","Quality Drive-Away, Inc.","Goshen","IN","89","www.qualitydriveaway.com","Motor Vehicles","","","275","7","282","102","4","106","54","72","126","","","401"
"232","Don Hummer Trucking Corp.","Cedar Rapids","IA","NR","www.donhummertrucking.com","General Freight","","","0","0","0","100","275","375","0","1000","1000","275","100","375"
"233","Long Haul Trucking","Albertville","MN","229","www.longhaultrucking.com","Flatbed/Specialized/Heavy Haul","93800000","82000000","0","0","0","213","132","345","240","150","390","132","213","345"
"234","Dedicated Logistics, Inc.","Oakdale","MN","230","www.shipdli.com","Dedicated Contract Carriage","","","6","30","36","0","344","344","364","425","789","","","400"
"235","Modern Transportation Services","Sewickley","PA","233","www.moderntrans.com","Tank/Bulk Commodities","","","0","0","0","360","1","361","150","381","531","","","400"
"236","Rush Trucking, Inc.","Wayne","MI","242","www.rushtrucking.com","General Freight","","","0","0","0","356","0","356","733","38","771","","","376"
"237","Lessors Inc.","Eagan","MN","234","www.lessorsinc.com","Refrigerated","","","0","0","0","10","344","354","0","482","482","","","354"
"238","Kivi Bros Trucking","Duluth","MN","NR","","Flatbed/Specialized/Heavy Haul","","","0","0","0","10","344","354","300","600","900","","","381"
"239","Charger Logistics","Griffith","IN","NR","","General Freight","","","0","0","0","165","174","339","0","0","0","","","405"
"240","Andrwes Logistics","Southlake","TX","NR","","Tank/Bulk Commodities","","","0","0","0","18","344","362","0","900","900","","","322"
"241","McLeod Express LLC","Decatur","IL","257","www.mcleodexpress.com","General Freight","83515000","83567864","0","0","0","0","315","315","0","989","989","340","12","352"
"242","Sweet Express LLC","Grand Rapids","MI","NR","www.sweetexpressllc.com","General Freight","58000000","","0","0","0","76","357","433","0","784","784","282","66","348"
"243","Tutle & Tutle Trucking, Inc.","Cleburne","TX","204","www.tutleandtutle.com","Tank/Bulk Commodities","","","0","0","0","215","165","380","102","492","594","","","305"
"244","Metropolitan Trucking, Inc.","Bloomsburg","PA","239","www.mtrk.com","General Freight","71069949","72781243","0","0","0","0","350","350","0","1241","1241","350","0","350"
"245","Penn Tank Lines, Inc.","Chester Springs","PA","240","www.penntanklines.com","Tank/Bulk Commodities","","","0","0","0","237","112","349","401","0","401","","","369"
"246","Andrus Transportation Services","Saint George","UT","241","www.andrustrans.com","General Freight","","","0","0","0","105","230","335","0","1016","1016","","","375"
"247","Taylor Truck Line Inc.","Northfield","MN","243","www.taylortruckline.com","General Freight","","","0","0","0","87","250","337","13","1143","1156","","","361"
"248","Online Transport, Inc.","Greenfield","IN","244","www.onlinetransport.com","General Freight","","","0","0","0","3","340","343","0","1250","1250","","","340"
"249","E L Hollingsworth & Co.","Flint","MI","245","www.elhc.net","General Freight","","","0","13","13","124","200","324","594","47","641","","","350"
"250","Southwestern Motor Transport, Inc.","San Antonio","TX","250","www.smtl.com","General Freight","","66845023","21","44","65","44","252","296","30","915","945","","","310"
